Jahr;MW;P;Name
2021;m;01;AndreG
2021;m;01;AndreasBiehl
2021;m;01;Canius
2021;m;01;Canonshooting
2021;m;01;Dabu
2021;m;01;Doctor_U
2021;m;01;HDVoskamp
2021;m;01;JoergSack
2021;m;01;KatrinH
2021;m;01;Katzenfreund
2021;m;01;Lumivers
2021;m;01;MSPhoto
2021;m;01;Maede
2021;m;01;Neckepin
2021;m;01;Ryyer
2021;m;01;SAW
2021;m;01;Stef
2021;m;01;Thorsten
2021;m;01;Tristate
2021;m;01;andreas_huppert
2021;m;01;danny
2021;m;01;dotmatchbox
2021;m;01;fotoLise
2021;m;01;frankfiene
2021;m;01;mb-arts
2021;m;01;niela86
2021;m;01;peter
2021;m;01;remmas90
2021;m;01;renealbarus
2021;m;01;tschloss
2021;m;01;wombat
2021;m;01;Alopecosa
2021;m;01;Babblfisch
2021;m;01;Banky
2021;m;01;Jana
2021;m;01;Marius
2021;m;01;Markus
2021;m;01;alexander
2021;m;01;drummerlass
2021;m;01;photoauge
2021;m;01;rosina
2021;m;01;ruebyi
2021;m;01;schneehaesli
2021;m;01;stephanjaeger
2021;m;02;Alopecosa
2021;m;02;Babblfisch
2021;m;02;Canius
2021;m;02;Canonshooting
2021;m;02;Dabu
2021;m;02;Doctor_U
2021;m;02;FranzS
2021;m;02;HDVoskamp
2021;m;02;Jana
2021;m;02;JoergSack
2021;m;02;KatrinH
2021;m;02;Lumivers
2021;m;02;Maede
2021;m;02;Marius
2021;m;02;Neckepin
2021;m;02;Ollo
2021;m;02;Pierre_Irmisch
2021;m;02;Ries
2021;m;02;Ryyer
2021;m;02;SAW
2021;m;02;Stef
2021;m;02;Thorsten
2021;m;02;Tristate
2021;m;02;alexander
2021;m;02;andreas_huppert
2021;m;02;danny
2021;m;02;dotmatchbox
2021;m;02;drummerlass
2021;m;02;fotoLise
2021;m;02;frankfiene
2021;m;02;iessatumat
2021;m;02;mb-arts
2021;m;02;niela86
2021;m;02;peter
2021;m;02;photoauge
2021;m;02;remmas90
2021;m;02;rosina
2021;m;02;stephanjaeger
2021;m;02;tschloss
2021;m;02;wombat
2021;m;02;Katzenfreund
2021;m;03;FranzS
2021;m;03;Tristate
2021;m;03;AndreasBong
2021;m;03;Dabu
2021;m;03;Doctor_U
2021;m;03;HDVoskamp
2021;m;03;JoergSack
2021;m;03;KatrinH
2021;m;03;Katzenfreund
2021;m;03;Lumivers
2021;m;03;Maede
2021;m;03;Ries
2021;m;03;SAW
2021;m;03;Stef
2021;m;03;alexander
2021;m;03;dotmatchbox
2021;m;03;fotoLise
2021;m;03;mb-arts
2021;m;03;niela86
2021;m;03;photoauge
2021;m;03;remmas90
2021;m;03;schneehaesli
2021;m;03;Canius
2021;m;03;Neckepin
2021;m;03;andreas_huppert
2021;m;03;iessatumat
2021;m;03;peter
2021;m;03;renealbarus
2021;m;03;wombat
2021;m;03;Alopecosa
2021;m;03;Babblfisch
2021;m;03;Mapache
2021;m;03;drummerlass
2021;m;03;frankfiene
2021;m;03;rosina
2021;m;03;tschloss
2021;m;03;Marius
2021;m;03;Thorsten
2021;m;04;Babblfisch
2021;m;04;Canius
2021;m;04;Dabu
2021;m;04;Doctor_U
2021;m;04;JoergSack
2021;m;04;KatrinH
2021;m;04;Katzenfreund
2021;m;04;Lumivers
2021;m;04;Marius
2021;m;04;Massfol
2021;m;04;Neckepin
2021;m;04;Ries
2021;m;04;SAW
2021;m;04;Stef
2021;m;04;Tristate
2021;m;04;andreas_huppert
2021;m;04;dotmatchbox
2021;m;04;drummerlass
2021;m;04;fotoLise
2021;m;04;frankfiene
2021;m;04;mb-arts
2021;m;04;niela86
2021;m;04;peter
2021;m;04;remmas90
2021;m;04;renealbarus
2021;m;04;schneehaesli
2021;m;04;Canonshooting
2021;m;04;AndreasBong
2021;m;04;wombat
2021;m;04;Alopecosa
2021;m;04;Mapache
2021;m;04;tschloss
2021;m;04;photoauge
2021;m;04;Thorsten
2021;m;04;iessatumat
2021;m;05;Doctor_U
2021;m;05;JoergSack
2021;m;05;KatrinH
2021;m;05;Marius
2021;m;05;SAW
2021;m;05;Tristate
2021;m;05;dotmatchbox
2021;m;05;fotoLise
2021;m;05;niela86
2021;m;05;tom_schulz
2021;m;05;AndreasBong
2021;m;05;Canius
2021;m;05;Dabu
2021;m;05;FranzS
2021;m;05;Katzenfreund
2021;m;05;Lumivers
2021;m;05;Mapache
2021;m;05;Massfol
2021;m;05;Neckepin
2021;m;05;Renate
2021;m;05;Stef
2021;m;05;andreas_huppert
2021;m;05;frankfiene
2021;m;05;peter
2021;m;05;remmas90
2021;m;05;rosina
2021;m;05;wombat
2021;m;05;Babblfisch
2021;m;05;Ries
2021;m;05;Thorsten
2021;m;05;drummerlass
2021;m;05;mb-arts
2021;m;05;photoauge
2021;m;05;Alopecosa
2021;m;05;Maede
2021;m;06;Alopecosa
2021;m;06;AndreasBong
2021;m;06;Babblfisch
2021;m;06;Canius
2021;m;06;Doctor_U
2021;m;06;JoergSack
2021;m;06;KatrinH
2021;m;06;Maede
2021;m;06;Marius
2021;m;06;Neckepin
2021;m;06;Ries
2021;m;06;Tristate
2021;m;06;andreas_huppert
2021;m;06;dotmatchbox
2021;m;06;fotoLise
2021;m;06;niela86
2021;m;06;remmas90
2021;m;06;Mapache
2021;m;06;Thorsten
2021;m;06;mb-arts
2021;m;06;photoauge
2021;m;06;Massfol
2021;m;06;alexander
2021;m;06;frankfiene
2021;m;06;peter
2021;m;06;Stef
2021;m;06;rosina
2021;m;06;wombat
2021;m;06;Lumivers
2021;m;06;Dabu
2021;m;06;Katzenfreund
2021;m;07;Alopecosa
2021;m;07;AndreasBong
2021;m;07;Babblfisch
2021;m;07;Canius
2021;m;07;Dabu
2021;m;07;Doctor_U
2021;m;07;FranzS
2021;m;07;JoergSack
2021;m;07;KatrinH
2021;m;07;Katzenfreund
2021;m;07;Lumivers
2021;m;07;Maede
2021;m;07;Mapache
2021;m;07;Marius
2021;m;07;Massfol
2021;m;07;Neckepin
2021;m;07;Ries
2021;m;07;Stef
2021;m;07;Thorsten
2021;m;07;Tristate
2021;m;07;andreas_huppert
2021;m;07;dotmatchbox
2021;m;07;drummerlass
2021;m;07;fotoLise
2021;m;07;frankfiene
2021;m;07;mb-arts
2021;m;07;niela86
2021;m;07;photoauge
2021;m;07;remmas90
2021;m;07;schneehaesli
2021;m;07;wombat
2021;m;07;peter
2021;m;07;rosina
2021;m;08;AndreasBong
2021;m;08;Canius
2021;m;08;Dabu
2021;m;08;Doctor_U
2021;m;08;FranzS
2021;m;08;JoergSack
2021;m;08;KatrinH
2021;m;08;Katzenfreund
2021;m;08;Lumivers
2021;m;08;MSPhoto
2021;m;08;Maede
2021;m;08;Mapache
2021;m;08;Massfol
2021;m;08;Renate
2021;m;08;Ries
2021;m;08;Stef
2021;m;08;Tristate
2021;m;08;andreas_huppert
2021;m;08;creazyfoto
2021;m;08;dotmatchbox
2021;m;08;fotoLise
2021;m;08;mb-arts
2021;m;08;niela86
2021;m;08;photoauge
2021;m;08;remmas90
2021;m;08;renealbarus
2021;m;08;Babblfisch
2021;m;08;BilderBuchi
2021;m;08;Marius
2021;m;08;Neckepin
2021;m;08;Thorsten
2021;m;08;frankfiene
2021;m;08;sgberlin
2021;m;08;Alopecosa
2021;m;08;peter
2021;m;08;schneehaesli
2021;m;08;wombat
2021;m;09;Babblfisch
2021;m;09;Dabu
2021;m;09;Doctor_U
2021;m;09;FranzS
2021;m;09;JoergSack
2021;m;09;KatrinH
2021;m;09;Katzenfreund
2021;m;09;Lumivers
2021;m;09;Mapache
2021;m;09;Marius
2021;m;09;Massfol
2021;m;09;Philip_Fr
2021;m;09;Ries
2021;m;09;Roger
2021;m;09;SAW
2021;m;09;Stef
2021;m;09;Tristate
2021;m;09;dotmatchbox
2021;m;09;drummerlass
2021;m;09;fotoLise
2021;m;09;mb-arts
2021;m;09;photoauge
2021;m;09;remmas90
2021;m;09;Canius
2021;m;09;andreas_huppert
2021;m;09;peter
2021;m;09;Thorsten
2021;m;09;BilderBuchi
2021;m;09;wombat
2021;m;09;Neckepin
2021;m;09;niela86
2021;m;09;AndreasBong
2021;m;09;Alopecosa
2021;m;10;Alopecosa
2021;m;10;AndreasBong
2021;m;10;Babblfisch
2021;m;10;Canius
2021;m;10;Dabu
2021;m;10;Doctor_U
2021;m;10;FranzS
2021;m;10;JoergSack
2021;m;10;KatrinH
2021;m;10;Katzenfreund
2021;m;10;Lumivers
2021;m;10;MSPhoto
2021;m;10;Maede
2021;m;10;Marius
2021;m;10;Massfol
2021;m;10;Neckepin
2021;m;10;Philip_Fr
2021;m;10;Ries
2021;m;10;Roger
2021;m;10;Stef
2021;m;10;Thorsten
2021;m;10;Tristate
2021;m;10;alexander
2021;m;10;andreas_huppert
2021;m;10;dotmatchbox
2021;m;10;drummerlass
2021;m;10;fotoLise
2021;m;10;mb-arts
2021;m;10;niela86
2021;m;10;peter
2021;m;10;photoauge
2021;m;10;remmas90
2021;m;10;renealbarus
2021;m;10;schneehaesli
2021;m;10;wombat
2021;m;10;ylz
2021;m;10;rosina
2021;m;11;Stef
2021;m;11;Ries
2021;m;11;peter
2021;m;11;wombat
2021;m;11;Alopecosa
2021;m;11;remmas90
2021;m;11;Tristate
2021;m;11;Babblfisch
2021;m;11;Maede
2021;m;11;Doctor_U
2021;m;11;Roger
2021;m;11;JoergSack
2021;m;11;Neckepin
2021;m;11;fotoLise
2021;m;11;Dabu
2021;m;11;KatrinH
2021;m;11;AndreasBong
2021;m;11;photoauge
2021;m;11;MSPhoto
2021;m;11;Lumivers
2021;m;11;Katzenfreund
2021;m;11;dotmatchbox
2021;m;11;Philip_Fr
2021;m;11;andreas_huppert
2021;m;11;mb-arts
2021;m;11;Canius
2021;m;11;Marius
2021;m;11;Thorsten
2021;m;11;niela86
2021;w;01;Alopecosa
2021;w;01;Babblfisch
2021;w;01;Banky
2021;w;01;Canius
2021;w;01;Canonshooting
2021;w;01;Cedeku
2021;w;01;Dabu
2021;w;01;Deepixt61
2021;w;01;Doctor_U
2021;w;01;HDVoskamp
2021;w;01;Jana
2021;w;01;JoergSack
2021;w;01;KatrinH
2021;w;01;Katzenfreund
2021;w;01;Lumivers
2021;w;01;MSPhoto
2021;w;01;Markus
2021;w;01;Neckepin
2021;w;01;Neufi
2021;w;01;SAW
2021;w;01;Thorsten
2021;w;01;Tristate
2021;w;01;alexander
2021;w;01;andreas_huppert
2021;w;01;calibra
2021;w;01;creazyfoto
2021;w;01;danny
2021;w;01;dotmatchbox
2021;w;01;drummerlass
2021;w;01;fotoLise
2021;w;01;frankfiene
2021;w;01;kamerakata
2021;w;01;mb-arts
2021;w;01;niela86
2021;w;01;peter
2021;w;01;photoauge
2021;w;01;remmas90
2021;w;01;schneehaesli
2021;w;01;sgberlin
2021;w;01;sonjahwolf
2021;w;01;tschloss
2021;w;01;variegator
2021;w;01;Marius
2021;w;01;wombat
2021;w;01;ylz
2021;w;01;Ollo
2021;w;01;asuehlo
2021;w;01;rosina
2021;w;01;ruebyi
2021;w;02;Alopecosa
2021;w;02;AndreasBiehl
2021;w;02;Babblfisch
2021;w;02;Banky
2021;w;02;Canius
2021;w;02;Canonshooting
2021;w;02;Cedeku
2021;w;02;Dabu
2021;w;02;Doctor_U
2021;w;02;HDVoskamp
2021;w;02;JoergSack
2021;w;02;Katzenfreund
2021;w;02;Lumivers
2021;w;02;MSPhoto
2021;w;02;Maede
2021;w;02;Neufi
2021;w;02;Ryyer
2021;w;02;SAW
2021;w;02;Thorsten
2021;w;02;Tristate
2021;w;02;andreas_huppert
2021;w;02;calibra
2021;w;02;creazyfoto
2021;w;02;danny
2021;w;02;dotmatchbox
2021;w;02;fotoLise
2021;w;02;frankfiene
2021;w;02;janch
2021;w;02;kamerakata
2021;w;02;mb-arts
2021;w;02;photoauge
2021;w;02;remmas90
2021;w;02;renealbarus
2021;w;02;ruebyi
2021;w;02;sgberlin
2021;w;02;sonjahwolf
2021;w;02;stephanjaeger
2021;w;02;wombat
2021;w;02;Jana
2021;w;02;KatrinH
2021;w;02;Marius
2021;w;02;Markus
2021;w;02;alexander
2021;w;02;asuehlo
2021;w;02;drummerlass
2021;w;02;peter
2021;w;02;schneehaesli
2021;w;02;tschloss
2021;w;02;variegator
2021;w;02;ylz
2021;w;02;Neckepin
2021;w;02;niela86
2021;w;02;rosina
2021;w;02;Ollo
2021;w;03;Alopecosa
2021;w;03;Babblfisch
2021;w;03;Banky
2021;w;03;Canius
2021;w;03;Canonshooting
2021;w;03;Cedeku
2021;w;03;Dabu
2021;w;03;Doctor_U
2021;w;03;HDVoskamp
2021;w;03;Jana
2021;w;03;JoergSack
2021;w;03;KatrinH
2021;w;03;Katzenfreund
2021;w;03;Lumivers
2021;w;03;MSPhoto
2021;w;03;Marius
2021;w;03;Markus
2021;w;03;Neckepin
2021;w;03;Neufi
2021;w;03;Renate
2021;w;03;Ries
2021;w;03;Ryyer
2021;w;03;SAW
2021;w;03;Stef
2021;w;03;Thorsten
2021;w;03;Tristate
2021;w;03;alexander
2021;w;03;andreas_huppert
2021;w;03;calibra
2021;w;03;danny
2021;w;03;dotmatchbox
2021;w;03;drummerlass
2021;w;03;fotoLise
2021;w;03;frankfiene
2021;w;03;kamerakata
2021;w;03;mb-arts
2021;w;03;niela86
2021;w;03;peter
2021;w;03;photoauge
2021;w;03;remmas90
2021;w;03;renealbarus
2021;w;03;ruebyi
2021;w;03;schneehaesli
2021;w;03;sgberlin
2021;w;03;sonjahwolf
2021;w;03;tschloss
2021;w;03;variegator
2021;w;03;ylz
2021;w;03;AndreasBiehl
2021;w;03;Deepixt61
2021;w;03;Ollo
2021;w;03;asuehlo
2021;w;03;rosina
2021;w;03;stephanjaeger
2021;w;03;wombat
2021;w;03;Maede
2021;w;03;creazyfoto
2021;w;04;AndreasBiehl
2021;w;04;Babblfisch
2021;w;04;Banky
2021;w;04;Canius
2021;w;04;Canonshooting
2021;w;04;Cedeku
2021;w;04;Dabu
2021;w;04;Doctor_U
2021;w;04;HDVoskamp
2021;w;04;JoergSack
2021;w;04;KatrinH
2021;w;04;Katzenfreund
2021;w;04;Lumivers
2021;w;04;MSPhoto
2021;w;04;Neckepin
2021;w;04;Neufi
2021;w;04;Renate
2021;w;04;Ries
2021;w;04;Ryyer
2021;w;04;Stef
2021;w;04;Thorsten
2021;w;04;Tristate
2021;w;04;andreas_huppert
2021;w;04;asuehlo
2021;w;04;calibra
2021;w;04;creazyfoto
2021;w;04;danny
2021;w;04;dotmatchbox
2021;w;04;fotoLise
2021;w;04;frankfiene
2021;w;04;kamerakata
2021;w;04;mb-arts
2021;w;04;niela86
2021;w;04;peter
2021;w;04;photoauge
2021;w;04;remmas90
2021;w;04;renealbarus
2021;w;04;sonjahwolf
2021;w;04;tschloss
2021;w;04;wombat
2021;w;04;Alopecosa
2021;w;04;Jana
2021;w;04;Marius
2021;w;04;Markus
2021;w;04;alexander
2021;w;04;drummerlass
2021;w;04;rosina
2021;w;04;ruebyi
2021;w;04;schneehaesli
2021;w;04;sgberlin
2021;w;04;stephanjaeger
2021;w;04;ylz
2021;w;05;AndreasBiehl
2021;w;05;Babblfisch
2021;w;05;Banky
2021;w;05;Canius
2021;w;05;Canonshooting
2021;w;05;Dabu
2021;w;05;Doctor_U
2021;w;05;HDVoskamp
2021;w;05;JoergSack
2021;w;05;KatrinH
2021;w;05;Katzenfreund
2021;w;05;Lumivers
2021;w;05;MSPhoto
2021;w;05;Maede
2021;w;05;Marius
2021;w;05;Markus
2021;w;05;Neufi
2021;w;05;Pierre_Irmisch
2021;w;05;Renate
2021;w;05;Ries
2021;w;05;Ryyer
2021;w;05;SAW
2021;w;05;Stef
2021;w;05;Thorsten
2021;w;05;Tristate
2021;w;05;andreas_huppert
2021;w;05;calibra
2021;w;05;danny
2021;w;05;dotmatchbox
2021;w;05;fotoLise
2021;w;05;frankfiene
2021;w;05;janch
2021;w;05;kamerakata
2021;w;05;mb-arts
2021;w;05;niela86
2021;w;05;peter
2021;w;05;photoauge
2021;w;05;remmas90
2021;w;05;renealbarus
2021;w;05;ruebyi
2021;w;05;schneehaesli
2021;w;05;sgberlin
2021;w;05;sonjahwolf
2021;w;05;stephanjaeger
2021;w;05;ylz
2021;w;05;Cedeku
2021;w;05;creazyfoto
2021;w;05;drummerlass
2021;w;05;tschloss
2021;w;05;wombat
2021;w;05;Alopecosa
2021;w;05;asuehlo
2021;w;05;rosina
2021;w;05;Neckepin
2021;w;05;Jana
2021;w;06;AndreasBiehl
2021;w;06;Babblfisch
2021;w;06;Banky
2021;w;06;Canius
2021;w;06;Canonshooting
2021;w;06;Cedeku
2021;w;06;Dabu
2021;w;06;Doctor_U
2021;w;06;HDVoskamp
2021;w;06;JoergSack
2021;w;06;KatrinH
2021;w;06;Katzenfreund
2021;w;06;Lumivers
2021;w;06;MSPhoto
2021;w;06;Marius
2021;w;06;Neckepin
2021;w;06;Neufi
2021;w;06;Ollo
2021;w;06;Renate
2021;w;06;Ries
2021;w;06;Ryyer
2021;w;06;SAW
2021;w;06;Stef
2021;w;06;Thorsten
2021;w;06;Tristate
2021;w;06;andreas_huppert
2021;w;06;calibra
2021;w;06;dotmatchbox
2021;w;06;fotoLise
2021;w;06;frankfiene
2021;w;06;kamerakata
2021;w;06;mb-arts
2021;w;06;peter
2021;w;06;photoauge
2021;w;06;renealbarus
2021;w;06;sgberlin
2021;w;06;sonjahwolf
2021;w;06;wombat
2021;w;06;Alopecosa
2021;w;06;Jana
2021;w;06;alexander
2021;w;06;creazyfoto
2021;w;06;danny
2021;w;06;niela86
2021;w;06;remmas90
2021;w;06;rosina
2021;w;06;schneehaesli
2021;w;06;tschloss
2021;w;06;ylz
2021;w;06;Markus
2021;w;06;asuehlo
2021;w;06;drummerlass
2021;w;06;stephanjaeger
2021;w;06;ruebyi
2021;w;07;Alopecosa
2021;w;07;AndreasBiehl
2021;w;07;Babblfisch
2021;w;07;Banky
2021;w;07;Canius
2021;w;07;Canonshooting
2021;w;07;Doctor_U
2021;w;07;HDVoskamp
2021;w;07;JoergSack
2021;w;07;KatrinH
2021;w;07;Katzenfreund
2021;w;07;Lumivers
2021;w;07;MSPhoto
2021;w;07;Marius
2021;w;07;Neckepin
2021;w;07;Neufi
2021;w;07;Pierre_Irmisch
2021;w;07;Renate
2021;w;07;Ries
2021;w;07;Ryyer
2021;w;07;SAW
2021;w;07;Stef
2021;w;07;Thorsten
2021;w;07;Tristate
2021;w;07;andreas_huppert
2021;w;07;calibra
2021;w;07;creazyfoto
2021;w;07;danny
2021;w;07;dotmatchbox
2021;w;07;fotoLise
2021;w;07;frankfiene
2021;w;07;kamerakata
2021;w;07;mb-arts
2021;w;07;niela86
2021;w;07;peter
2021;w;07;photoauge
2021;w;07;remmas90
2021;w;07;renealbarus
2021;w;07;ruebyi
2021;w;07;schneehaesli
2021;w;07;sgberlin
2021;w;07;sonjahwolf
2021;w;07;ylz
2021;w;07;alexander
2021;w;07;wombat
2021;w;07;Jana
2021;w;07;drummerlass
2021;w;07;stephanjaeger
2021;w;07;asuehlo
2021;w;07;rosina
2021;w;07;tschloss
2021;w;07;Dabu
2021;w;07;Cedeku
2021;w;08;AndreasBiehl
2021;w;08;Babblfisch
2021;w;08;Banky
2021;w;08;Canius
2021;w;08;Canonshooting
2021;w;08;Cedeku
2021;w;08;Dabu
2021;w;08;Doctor_U
2021;w;08;FranzS
2021;w;08;HDVoskamp
2021;w;08;Jana
2021;w;08;JoergSack
2021;w;08;KatrinH
2021;w;08;Katzenfreund
2021;w;08;Lumivers
2021;w;08;MSPhoto
2021;w;08;Maede
2021;w;08;Marius
2021;w;08;Neckepin
2021;w;08;Neufi
2021;w;08;Pierre_Irmisch
2021;w;08;Renate
2021;w;08;Ries
2021;w;08;Stef
2021;w;08;Thorsten
2021;w;08;Tristate
2021;w;08;alexander
2021;w;08;andreas_huppert
2021;w;08;creazyfoto
2021;w;08;danny
2021;w;08;dotmatchbox
2021;w;08;frankfiene
2021;w;08;iessatumat
2021;w;08;kamerakata
2021;w;08;mb-arts
2021;w;08;niela86
2021;w;08;photoauge
2021;w;08;remmas90
2021;w;08;renealbarus
2021;w;08;ruebyi
2021;w;08;sonjahwolf
2021;w;08;Ryyer
2021;w;08;drummerlass
2021;w;08;fotoLise
2021;w;08;peter
2021;w;08;schneehaesli
2021;w;08;sgberlin
2021;w;08;stephanjaeger
2021;w;08;tschloss
2021;w;08;Alopecosa
2021;w;08;Ollo
2021;w;08;rosina
2021;w;08;wombat
2021;w;08;ylz
2021;w;09;Alopecosa
2021;w;09;AndreasBong
2021;w;09;Babblfisch
2021;w;09;Canius
2021;w;09;Canonshooting
2021;w;09;Cedeku
2021;w;09;Dabu
2021;w;09;Doctor_U
2021;w;09;HDVoskamp
2021;w;09;JoergSack
2021;w;09;KatrinH
2021;w;09;Katzenfreund
2021;w;09;Lumivers
2021;w;09;MSPhoto
2021;w;09;Maede
2021;w;09;Mapache
2021;w;09;Marius
2021;w;09;Neckepin
2021;w;09;Neufi
2021;w;09;Renate
2021;w;09;Ries
2021;w;09;Stef
2021;w;09;Thorsten
2021;w;09;Tristate
2021;w;09;andreas_huppert
2021;w;09;calibra
2021;w;09;creazyfoto
2021;w;09;danny
2021;w;09;dotmatchbox
2021;w;09;drummerlass
2021;w;09;fotoLise
2021;w;09;frankfiene
2021;w;09;iessatumat
2021;w;09;kamerakata
2021;w;09;mb-arts
2021;w;09;niela86
2021;w;09;peter
2021;w;09;photoauge
2021;w;09;remmas90
2021;w;09;renealbarus
2021;w;09;ruebyi
2021;w;09;schneehaesli
2021;w;09;sgberlin
2021;w;09;sonjahwolf
2021;w;09;wombat
2021;w;09;ylz
2021;w;09;asuehlo
2021;w;09;rosina
2021;w;09;stephanjaeger
2021;w;09;tschloss
2021;w;09;Jana
2021;w;10;Alopecosa
2021;w;10;AndreasBong
2021;w;10;Babblfisch
2021;w;10;Canius
2021;w;10;Canonshooting
2021;w;10;Cedeku
2021;w;10;Dabu
2021;w;10;Doctor_U
2021;w;10;HDVoskamp
2021;w;10;JoergSack
2021;w;10;KatrinH
2021;w;10;Katzenfreund
2021;w;10;Lumivers
2021;w;10;MSPhoto
2021;w;10;Maede
2021;w;10;Mapache
2021;w;10;Marius
2021;w;10;Neckepin
2021;w;10;Neufi
2021;w;10;Renate
2021;w;10;Ries
2021;w;10;SAW
2021;w;10;Stef
2021;w;10;Thorsten
2021;w;10;Tristate
2021;w;10;alexander
2021;w;10;andreas_huppert
2021;w;10;calibra
2021;w;10;danny
2021;w;10;dotmatchbox
2021;w;10;drummerlass
2021;w;10;fotoLise
2021;w;10;iessatumat
2021;w;10;kamerakata
2021;w;10;mb-arts
2021;w;10;peter
2021;w;10;photoauge
2021;w;10;remmas90
2021;w;10;renealbarus
2021;w;10;ruebyi
2021;w;10;schneehaesli
2021;w;10;sgberlin
2021;w;10;sonjahwolf
2021;w;10;ylz
2021;w;10;Ollo
2021;w;10;niela86
2021;w;10;rosina
2021;w;10;stephanjaeger
2021;w;10;tschloss
2021;w;10;wombat
2021;w;10;frankfiene
2021;w;10;asuehlo
2021;w;11;Alopecosa
2021;w;11;AndreasBong
2021;w;11;Babblfisch
2021;w;11;Canius
2021;w;11;Canonshooting
2021;w;11;Cedeku
2021;w;11;Dabu
2021;w;11;Doctor_U
2021;w;11;FranzS
2021;w;11;HDVoskamp
2021;w;11;HelmutEhlich
2021;w;11;JoergSack
2021;w;11;KatrinH
2021;w;11;Katzenfreund
2021;w;11;Lumivers
2021;w;11;MSPhoto
2021;w;11;Mapache
2021;w;11;Marius
2021;w;11;Neckepin
2021;w;11;Ollo
2021;w;11;Ries
2021;w;11;SAW
2021;w;11;Stef
2021;w;11;Thorsten
2021;w;11;Tristate
2021;w;11;alexander
2021;w;11;andreas_huppert
2021;w;11;asuehlo
2021;w;11;calibra
2021;w;11;creazyfoto
2021;w;11;danny
2021;w;11;dotmatchbox
2021;w;11;drummerlass
2021;w;11;fotoLise
2021;w;11;frankfiene
2021;w;11;iessatumat
2021;w;11;kamerakata
2021;w;11;mb-arts
2021;w;11;niela86
2021;w;11;peter
2021;w;11;photoauge
2021;w;11;remmas90
2021;w;11;renealbarus
2021;w;11;rosina
2021;w;11;ruebyi
2021;w;11;schneehaesli
2021;w;11;stephanjaeger
2021;w;11;sgberlin
2021;w;11;sonjahwolf
2021;w;11;tschloss
2021;w;11;wombat
2021;w;11;ylz
2021;w;12;AndreasBiehl
2021;w;12;AndreasBong
2021;w;12;Babblfisch
2021;w;12;Canius
2021;w;12;Canonshooting
2021;w;12;Cedeku
2021;w;12;Dabu
2021;w;12;Doctor_U
2021;w;12;HDVoskamp
2021;w;12;JoergSack
2021;w;12;Katzenfreund
2021;w;12;Lumivers
2021;w;12;MSPhoto
2021;w;12;Neckepin
2021;w;12;Ollo
2021;w;12;Renate
2021;w;12;Ries
2021;w;12;SAW
2021;w;12;Stef
2021;w;12;Thorsten
2021;w;12;Tristate
2021;w;12;alexander
2021;w;12;andreas_huppert
2021;w;12;calibra
2021;w;12;creazyfoto
2021;w;12;danny
2021;w;12;dotmatchbox
2021;w;12;iessatumat
2021;w;12;kamerakata
2021;w;12;mb-arts
2021;w;12;niela86
2021;w;12;remmas90
2021;w;12;renealbarus
2021;w;12;sonjahwolf
2021;w;12;wombat
2021;w;12;ylz
2021;w;12;Alopecosa
2021;w;12;Jana
2021;w;12;Mapache
2021;w;12;drummerlass
2021;w;12;peter
2021;w;12;schneehaesli
2021;w;12;sgberlin
2021;w;12;stephanjaeger
2021;w;12;KatrinH
2021;w;12;photoauge
2021;w;12;tschloss
2021;w;12;fotoLise
2021;w;12;frankfiene
2021;w;12;Marius
2021;w;12;ruebyi
2021;w;13;AndreasBong
2021;w;13;Babblfisch
2021;w;13;Canius
2021;w;13;Canonshooting
2021;w;13;Cedeku
2021;w;13;Dabu
2021;w;13;Doctor_U
2021;w;13;HDVoskamp
2021;w;13;JoergSack
2021;w;13;KatrinH
2021;w;13;Katzenfreund
2021;w;13;Lumivers
2021;w;13;MSPhoto
2021;w;13;Mapache
2021;w;13;Massfol
2021;w;13;Neckepin
2021;w;13;Renate
2021;w;13;Ries
2021;w;13;SAW
2021;w;13;Stef
2021;w;13;calibra
2021;w;13;creazyfoto
2021;w;13;dotmatchbox
2021;w;13;fotoLise
2021;w;13;frankfiene
2021;w;13;iessatumat
2021;w;13;janch
2021;w;13;kamerakata
2021;w;13;photoauge
2021;w;13;remmas90
2021;w;13;renealbarus
2021;w;13;rosina
2021;w;13;sonjahwolf
2021;w;13;wombat
2021;w;13;ylz
2021;w;13;danny
2021;w;13;Alopecosa
2021;w;13;Maede
2021;w;13;Ollo
2021;w;13;Thorsten
2021;w;13;Tristate
2021;w;13;alexander
2021;w;13;asuehlo
2021;w;13;drummerlass
2021;w;13;niela86
2021;w;13;peter
2021;w;13;ruebyi
2021;w;13;schneehaesli
2021;w;13;sgberlin
2021;w;13;stephanjaeger
2021;w;13;tom_schulz
2021;w;13;tschloss
2021;w;13;Marius
2021;w;13;mb-arts
2021;w;13;andreas_huppert
2021;w;14;Alopecosa
2021;w;14;AndreasBong
2021;w;14;Babblfisch
2021;w;14;Canius
2021;w;14;Canonshooting
2021;w;14;Cedeku
2021;w;14;Dabu
2021;w;14;Doctor_U
2021;w;14;HDVoskamp
2021;w;14;JoergSack
2021;w;14;KatrinH
2021;w;14;Katzenfreund
2021;w;14;Lumivers
2021;w;14;MSPhoto
2021;w;14;Maede
2021;w;14;Mapache
2021;w;14;Marius
2021;w;14;Massfol
2021;w;14;Neckepin
2021;w;14;Renate
2021;w;14;Ries
2021;w;14;SAW
2021;w;14;Stef
2021;w;14;Thorsten
2021;w;14;Tristate
2021;w;14;alexander
2021;w;14;andreas_huppert
2021;w;14;calibra
2021;w;14;danny
2021;w;14;dotmatchbox
2021;w;14;drummerlass
2021;w;14;fotoLise
2021;w;14;frankfiene
2021;w;14;iessatumat
2021;w;14;janch
2021;w;14;kamerakata
2021;w;14;mb-arts
2021;w;14;peter
2021;w;14;photoauge
2021;w;14;remmas90
2021;w;14;renealbarus
2021;w;14;rosina
2021;w;14;ruebyi
2021;w;14;schneehaesli
2021;w;14;sonjahwolf
2021;w;14;tschloss
2021;w;14;wombat
2021;w;14;ylz
2021;w;14;niela86
2021;w;14;stephanjaeger
2021;w;14;sgberlin
2021;w;15;AndreasBong
2021;w;15;Babblfisch
2021;w;15;Canius
2021;w;15;Canonshooting
2021;w;15;Cedeku
2021;w;15;Dabu
2021;w;15;HDVoskamp
2021;w;15;JoergSack
2021;w;15;KatrinH
2021;w;15;Katzenfreund
2021;w;15;Lumivers
2021;w;15;MSPhoto
2021;w;15;Mapache
2021;w;15;Marius
2021;w;15;Neckepin
2021;w;15;Renate
2021;w;15;SAW
2021;w;15;Stef
2021;w;15;Thorsten
2021;w;15;Tristate
2021;w;15;alexander
2021;w;15;andreas_huppert
2021;w;15;calibra
2021;w;15;creazyfoto
2021;w;15;danny
2021;w;15;dotmatchbox
2021;w;15;drummerlass
2021;w;15;fotoLise
2021;w;15;frankfiene
2021;w;15;iessatumat
2021;w;15;kamerakata
2021;w;15;mb-arts
2021;w;15;niela86
2021;w;15;peter
2021;w;15;photoauge
2021;w;15;remmas90
2021;w;15;renealbarus
2021;w;15;schneehaesli
2021;w;15;sgberlin
2021;w;15;sonjahwolf
2021;w;15;ylz
2021;w;15;Doctor_U
2021;w;15;rosina
2021;w;15;tom_schulz
2021;w;15;Alopecosa
2021;w;15;Ries
2021;w;15;tschloss
2021;w;15;wombat
2021;w;15;Markus
2021;w;15;Massfol
2021;w;16;AndreasBong
2021;w;16;Babblfisch
2021;w;16;Canius
2021;w;16;Canonshooting
2021;w;16;Cedeku
2021;w;16;Dabu
2021;w;16;Doctor_U
2021;w;16;HDVoskamp
2021;w;16;HelmutEhlich
2021;w;16;JoergSack
2021;w;16;Katzenfreund
2021;w;16;Lumivers
2021;w;16;MSPhoto
2021;w;16;Mapache
2021;w;16;Marius
2021;w;16;Massfol
2021;w;16;Neckepin
2021;w;16;Renate
2021;w;16;Ries
2021;w;16;SAW
2021;w;16;Stef
2021;w;16;Tristate
2021;w;16;andreas_huppert
2021;w;16;calibra
2021;w;16;danny
2021;w;16;dotmatchbox
2021;w;16;fotoLise
2021;w;16;frankfiene
2021;w;16;iessatumat
2021;w;16;kamerakata
2021;w;16;mb-arts
2021;w;16;peter
2021;w;16;photoauge
2021;w;16;remmas90
2021;w;16;renealbarus
2021;w;16;sgberlin
2021;w;16;sonjahwolf
2021;w;16;tom_schulz
2021;w;16;tschloss
2021;w;16;wombat
2021;w;16;ylz
2021;w;16;Alopecosa
2021;w;16;KatrinH
2021;w;16;Maede
2021;w;16;Thorsten
2021;w;16;alexander
2021;w;16;creazyfoto
2021;w;16;drummerlass
2021;w;16;niela86
2021;w;16;rosina
2021;w;16;schneehaesli
2021;w;16;Markus
2021;w;17;AndreasBong
2021;w;17;Babblfisch
2021;w;17;Canius
2021;w;17;Canonshooting
2021;w;17;Cedeku
2021;w;17;Dabu
2021;w;17;Doctor_U
2021;w;17;FranzS
2021;w;17;JoergSack
2021;w;17;KatrinH
2021;w;17;Katzenfreund
2021;w;17;Lumivers
2021;w;17;MSPhoto
2021;w;17;Mapache
2021;w;17;Marius
2021;w;17;Massfol
2021;w;17;Neckepin
2021;w;17;Renate
2021;w;17;Ries
2021;w;17;SAW
2021;w;17;Stef
2021;w;17;Thorsten
2021;w;17;Tristate
2021;w;17;alexander
2021;w;17;andreas_huppert
2021;w;17;calibra
2021;w;17;danny
2021;w;17;dotmatchbox
2021;w;17;fotoLise
2021;w;17;frankfiene
2021;w;17;iessatumat
2021;w;17;kamerakata
2021;w;17;mb-arts
2021;w;17;niela86
2021;w;17;peter
2021;w;17;photoauge
2021;w;17;remmas90
2021;w;17;renealbarus
2021;w;17;schneehaesli
2021;w;17;sonjahwolf
2021;w;17;wombat
2021;w;17;ylz
2021;w;17;Ollo
2021;w;17;sgberlin
2021;w;17;tschloss
2021;w;17;drummerlass
2021;w;17;Alopecosa
2021;w;17;Markus
2021;w;17;rosina
2021;w;17;Maede
2021;w;18;AndreasBong
2021;w;18;Babblfisch
2021;w;18;Canius
2021;w;18;Canonshooting
2021;w;18;Cedeku
2021;w;18;Dabu
2021;w;18;Doctor_U
2021;w;18;FranzS
2021;w;18;HelmutEhlich
2021;w;18;JoergSack
2021;w;18;Katzenfreund
2021;w;18;Lumivers
2021;w;18;MSPhoto
2021;w;18;Mapache
2021;w;18;Massfol
2021;w;18;Neufi
2021;w;18;Renate
2021;w;18;Stef
2021;w;18;Thorsten
2021;w;18;andreas_huppert
2021;w;18;calibra
2021;w;18;creazyfoto
2021;w;18;danny
2021;w;18;dotmatchbox
2021;w;18;fotoLise
2021;w;18;iessatumat
2021;w;18;kamerakata
2021;w;18;mb-arts
2021;w;18;niela86
2021;w;18;remmas90
2021;w;18;rosina
2021;w;18;schneehaesli
2021;w;18;sgberlin
2021;w;18;sonjahwolf
2021;w;18;tom_schulz
2021;w;18;tschloss
2021;w;18;ylz
2021;w;18;Alopecosa
2021;w;18;KatrinH
2021;w;18;Marius
2021;w;18;Ollo
2021;w;18;Ries
2021;w;18;Tristate
2021;w;18;drummerlass
2021;w;18;frankfiene
2021;w;18;peter
2021;w;18;photoauge
2021;w;18;Neckepin
2021;w;18;wombat
2021;w;18;Markus
2021;w;19;AndreasBong
2021;w;19;Babblfisch
2021;w;19;Canius
2021;w;19;Cedeku
2021;w;19;Dabu
2021;w;19;Doctor_U
2021;w;19;FranzS
2021;w;19;HelmutEhlich
2021;w;19;JoergSack
2021;w;19;KatrinH
2021;w;19;Katzenfreund
2021;w;19;Lumivers
2021;w;19;MSPhoto
2021;w;19;Mapache
2021;w;19;Massfol
2021;w;19;Neckepin
2021;w;19;Neufi
2021;w;19;Renate
2021;w;19;SAW
2021;w;19;Stef
2021;w;19;Thorsten
2021;w;19;Tristate
2021;w;19;andreas_huppert
2021;w;19;calibra
2021;w;19;creazyfoto
2021;w;19;danny
2021;w;19;dotmatchbox
2021;w;19;drummerlass
2021;w;19;fotoLise
2021;w;19;frankfiene
2021;w;19;iessatumat
2021;w;19;kamerakata
2021;w;19;mb-arts
2021;w;19;niela86
2021;w;19;peter
2021;w;19;photoauge
2021;w;19;remmas90
2021;w;19;renealbarus
2021;w;19;schneehaesli
2021;w;19;sonjahwolf
2021;w;19;ylz
2021;w;19;Canonshooting
2021;w;19;Ries
2021;w;19;Alopecosa
2021;w;19;Marius
2021;w;19;rosina
2021;w;19;sgberlin
2021;w;19;tschloss
2021;w;19;wombat
2021;w;20;AndreasBong
2021;w;20;Babblfisch
2021;w;20;Canius
2021;w;20;Canonshooting
2021;w;20;Cedeku
2021;w;20;Dabu
2021;w;20;Doctor_U
2021;w;20;FranzS
2021;w;20;HelmutEhlich
2021;w;20;JoergSack
2021;w;20;KatrinH
2021;w;20;Katzenfreund
2021;w;20;Lumivers
2021;w;20;MSPhoto
2021;w;20;Marius
2021;w;20;Massfol
2021;w;20;Neufi
2021;w;20;Renate
2021;w;20;SAW
2021;w;20;Stef
2021;w;20;Tristate
2021;w;20;andreas_huppert
2021;w;20;calibra
2021;w;20;creazyfoto
2021;w;20;dotmatchbox
2021;w;20;fotoLise
2021;w;20;iessatumat
2021;w;20;kamerakata
2021;w;20;mb-arts
2021;w;20;photoauge
2021;w;20;remmas90
2021;w;20;renealbarus
2021;w;20;sonjahwolf
2021;w;20;tschloss
2021;w;20;ylz
2021;w;20;Mapache
2021;w;20;Neckepin
2021;w;20;danny
2021;w;20;peter
2021;w;20;sgberlin
2021;w;20;Ollo
2021;w;20;Thorsten
2021;w;20;alexander
2021;w;20;drummerlass
2021;w;20;niela86
2021;w;20;Alopecosa
2021;w;20;Markus
2021;w;20;Ries
2021;w;20;wombat
2021;w;20;frankfiene
2021;w;20;schneehaesli
2021;w;20;Maede
2021;w;21;Alopecosa
2021;w;21;AndreasBong
2021;w;21;Babblfisch
2021;w;21;Canius
2021;w;21;Canonshooting
2021;w;21;Cedeku
2021;w;21;Dabu
2021;w;21;Doctor_U
2021;w;21;FranzS
2021;w;21;HelmutEhlich
2021;w;21;JoergSack
2021;w;21;KatrinH
2021;w;21;Katzenfreund
2021;w;21;Lumivers
2021;w;21;MSPhoto
2021;w;21;Mapache
2021;w;21;Marius
2021;w;21;Markus
2021;w;21;Massfol
2021;w;21;Neckepin
2021;w;21;Ollo
2021;w;21;Renate
2021;w;21;Ries
2021;w;21;SAW
2021;w;21;Stef
2021;w;21;Thorsten
2021;w;21;Tristate
2021;w;21;alexander
2021;w;21;andreas_huppert
2021;w;21;calibra
2021;w;21;creazyfoto
2021;w;21;danny
2021;w;21;dotmatchbox
2021;w;21;drummerlass
2021;w;21;fotoLise
2021;w;21;frankfiene
2021;w;21;iessatumat
2021;w;21;kamerakata
2021;w;21;mb-arts
2021;w;21;niela86
2021;w;21;peter
2021;w;21;photoauge
2021;w;21;remmas90
2021;w;21;renealbarus
2021;w;21;schneehaesli
2021;w;21;sgberlin
2021;w;21;sonjahwolf
2021;w;21;tschloss
2021;w;21;wombat
2021;w;21;ylz
2021;w;21;rosina
2021;w;22;Alopecosa
2021;w;22;AndreasBong
2021;w;22;Babblfisch
2021;w;22;Cedeku
2021;w;22;Dabu
2021;w;22;Doctor_U
2021;w;22;FranzS
2021;w;22;JoergSack
2021;w;22;KatrinH
2021;w;22;Katzenfreund
2021;w;22;Lumivers
2021;w;22;MSPhoto
2021;w;22;Maede
2021;w;22;Mapache
2021;w;22;Markus
2021;w;22;Massfol
2021;w;22;Neckepin
2021;w;22;Renate
2021;w;22;Ries
2021;w;22;SAW
2021;w;22;Stef
2021;w;22;Thorsten
2021;w;22;Tristate
2021;w;22;andreas_huppert
2021;w;22;creazyfoto
2021;w;22;danny
2021;w;22;dotmatchbox
2021;w;22;fotoLise
2021;w;22;kamerakata
2021;w;22;mb-arts
2021;w;22;niela86
2021;w;22;peter
2021;w;22;remmas90
2021;w;22;renealbarus
2021;w;22;rosina
2021;w;22;sgberlin
2021;w;22;sonjahwolf
2021;w;22;Canius
2021;w;22;Canonshooting
2021;w;22;Marius
2021;w;22;Ollo
2021;w;22;alexander
2021;w;22;drummerlass
2021;w;22;frankfiene
2021;w;22;photoauge
2021;w;22;schneehaesli
2021;w;22;tschloss
2021;w;22;ylz
2021;w;22;wombat
2021;w;23;Alopecosa
2021;w;23;AndreasBong
2021;w;23;Babblfisch
2021;w;23;Canius
2021;w;23;Cedeku
2021;w;23;Dabu
2021;w;23;Doctor_U
2021;w;23;FranzS
2021;w;23;JoergSack
2021;w;23;KatrinH
2021;w;23;Katzenfreund
2021;w;23;Lumivers
2021;w;23;MSPhoto
2021;w;23;Maede
2021;w;23;Mapache
2021;w;23;Marius
2021;w;23;Massfol
2021;w;23;Neckepin
2021;w;23;Renate
2021;w;23;Ries
2021;w;23;SAW
2021;w;23;Stef
2021;w;23;Thorsten
2021;w;23;Tristate
2021;w;23;alexander
2021;w;23;andreas_huppert
2021;w;23;calibra
2021;w;23;danny
2021;w;23;dotmatchbox
2021;w;23;drummerlass
2021;w;23;fotoLise
2021;w;23;frankfiene
2021;w;23;iessatumat
2021;w;23;kamerakata
2021;w;23;mb-arts
2021;w;23;niela86
2021;w;23;peter
2021;w;23;photoauge
2021;w;23;remmas90
2021;w;23;renealbarus
2021;w;23;rosina
2021;w;23;schneehaesli
2021;w;23;sgberlin
2021;w;23;sonjahwolf
2021;w;23;tschloss
2021;w;23;wombat
2021;w;23;ylz
2021;w;23;Canonshooting
2021;w;24;Alopecosa
2021;w;24;AndreasBong
2021;w;24;Babblfisch
2021;w;24;Canius
2021;w;24;Canonshooting
2021;w;24;Cedeku
2021;w;24;Dabu
2021;w;24;Doctor_U
2021;w;24;FranzS
2021;w;24;JoergSack
2021;w;24;KatrinH
2021;w;24;Katzenfreund
2021;w;24;Lumivers
2021;w;24;MSPhoto
2021;w;24;Maede
2021;w;24;Marius
2021;w;24;Massfol
2021;w;24;Neckepin
2021;w;24;Neufi
2021;w;24;Renate
2021;w;24;Stef
2021;w;24;Thorsten
2021;w;24;Tristate
2021;w;24;andreas_huppert
2021;w;24;danny
2021;w;24;dotmatchbox
2021;w;24;fotoLise
2021;w;24;frankfiene
2021;w;24;kamerakata
2021;w;24;mb-arts
2021;w;24;peter
2021;w;24;photoauge
2021;w;24;remmas90
2021;w;24;renealbarus
2021;w;24;sgberlin
2021;w;24;sonjahwolf
2021;w;24;tschloss
2021;w;24;wombat
2021;w;24;ylz
2021;w;24;Mapache
2021;w;24;Ries
2021;w;24;drummerlass
2021;w;24;schneehaesli
2021;w;24;rosina
2021;w;24;niela86
2021;w;24;alexander
2021;w;24;creazyfoto
2021;w;25;Alopecosa
2021;w;25;AndreasBong
2021;w;25;Babblfisch
2021;w;25;Canius
2021;w;25;Cedeku
2021;w;25;Dabu
2021;w;25;Doctor_U
2021;w;25;FranzS
2021;w;25;HelmutEhlich
2021;w;25;JoergSack
2021;w;25;KatrinH
2021;w;25;Katzenfreund
2021;w;25;Lumivers
2021;w;25;MSPhoto
2021;w;25;Mapache
2021;w;25;Massfol
2021;w;25;Neckepin
2021;w;25;Ries
2021;w;25;Thorsten
2021;w;25;Tristate
2021;w;25;alexander
2021;w;25;andreas_huppert
2021;w;25;creazyfoto
2021;w;25;danny
2021;w;25;dotmatchbox
2021;w;25;drummerlass
2021;w;25;fotoLise
2021;w;25;frankfiene
2021;w;25;kamerakata
2021;w;25;mb-arts
2021;w;25;niela86
2021;w;25;peter
2021;w;25;photoauge
2021;w;25;remmas90
2021;w;25;renealbarus
2021;w;25;rosina
2021;w;25;schneehaesli
2021;w;25;sgberlin
2021;w;25;sonjahwolf
2021;w;25;wombat
2021;w;25;ylz
2021;w;25;Canonshooting
2021;w;25;Stef
2021;w;25;tschloss
2021;w;25;Maede
2021;w;25;Marius
2021;w;26;Alopecosa
2021;w;26;AndreasBong
2021;w;26;Babblfisch
2021;w;26;Canius
2021;w;26;Dabu
2021;w;26;Doctor_U
2021;w;26;FranzS
2021;w;26;JoergSack
2021;w;26;KatrinH
2021;w;26;Katzenfreund
2021;w;26;Lumivers
2021;w;26;MSPhoto
2021;w;26;Mapache
2021;w;26;Marius
2021;w;26;Neckepin
2021;w;26;Renate
2021;w;26;Ries
2021;w;26;Stef
2021;w;26;Thorsten
2021;w;26;Tristate
2021;w;26;alexander
2021;w;26;andreas_huppert
2021;w;26;calibra
2021;w;26;danny
2021;w;26;dotmatchbox
2021;w;26;drummerlass
2021;w;26;fotoLise
2021;w;26;kamerakata
2021;w;26;photoauge
2021;w;26;remmas90
2021;w;26;renealbarus
2021;w;26;schneehaesli
2021;w;26;sgberlin
2021;w;26;sonjahwolf
2021;w;26;wombat
2021;w;26;ylz
2021;w;26;tschloss
2021;w;26;Canonshooting
2021;w;26;mb-arts
2021;w;26;peter
2021;w;26;rosina
2021;w;26;Cedeku
2021;w;26;niela86
2021;w;27;Alopecosa
2021;w;27;AndreasBong
2021;w;27;Canius
2021;w;27;Canonshooting
2021;w;27;Cedeku
2021;w;27;Dabu
2021;w;27;Doctor_U
2021;w;27;FranzS
2021;w;27;JoergSack
2021;w;27;KatrinH
2021;w;27;Katzenfreund
2021;w;27;Lumivers
2021;w;27;MSPhoto
2021;w;27;Maede
2021;w;27;Mapache
2021;w;27;Marius
2021;w;27;Massfol
2021;w;27;Neckepin
2021;w;27;Neufi
2021;w;27;Renate
2021;w;27;Ries
2021;w;27;Stef
2021;w;27;Thorsten
2021;w;27;Tristate
2021;w;27;alexander
2021;w;27;andreas_huppert
2021;w;27;danny
2021;w;27;dotmatchbox
2021;w;27;drummerlass
2021;w;27;fotoLise
2021;w;27;frankfiene
2021;w;27;kamerakata
2021;w;27;mb-arts
2021;w;27;niela86
2021;w;27;peter
2021;w;27;photoauge
2021;w;27;remmas90
2021;w;27;renealbarus
2021;w;27;schneehaesli
2021;w;27;sgberlin
2021;w;27;sonjahwolf
2021;w;27;tschloss
2021;w;27;ylz
2021;w;27;Babblfisch
2021;w;27;wombat
2021;w;28;Alopecosa
2021;w;28;AndreasBong
2021;w;28;Canius
2021;w;28;Cedeku
2021;w;28;Dabu
2021;w;28;Doctor_U
2021;w;28;JoergSack
2021;w;28;KatrinH
2021;w;28;Lumivers
2021;w;28;MSPhoto
2021;w;28;Maede
2021;w;28;Renate
2021;w;28;Ries
2021;w;28;Stef
2021;w;28;Thorsten
2021;w;28;andreas_huppert
2021;w;28;danny
2021;w;28;dotmatchbox
2021;w;28;fotoLise
2021;w;28;mb-arts
2021;w;28;peter
2021;w;28;photoauge
2021;w;28;remmas90
2021;w;28;renealbarus
2021;w;28;schneehaesli
2021;w;28;sgberlin
2021;w;28;tschloss
2021;w;28;ylz
2021;w;28;sonjahwolf
2021;w;28;Canonshooting
2021;w;28;Katzenfreund
2021;w;28;Marius
2021;w;28;Neckepin
2021;w;28;Tristate
2021;w;28;drummerlass
2021;w;28;frankfiene
2021;w;28;kamerakata
2021;w;28;niela86
2021;w;28;wombat
2021;w;28;Babblfisch
2021;w;28;rosina
2021;w;29;AndreasBong
2021;w;29;Canius
2021;w;29;Canonshooting
2021;w;29;Cedeku
2021;w;29;Dabu
2021;w;29;Doctor_U
2021;w;29;FranzS
2021;w;29;JoergSack
2021;w;29;KatrinH
2021;w;29;Katzenfreund
2021;w;29;Lumivers
2021;w;29;MSPhoto
2021;w;29;Maede
2021;w;29;Mapache
2021;w;29;Marius
2021;w;29;Neckepin
2021;w;29;Renate
2021;w;29;Ries
2021;w;29;Stef
2021;w;29;Thorsten
2021;w;29;Tristate
2021;w;29;alexander
2021;w;29;danny
2021;w;29;dotmatchbox
2021;w;29;drummerlass
2021;w;29;mb-arts
2021;w;29;niela86
2021;w;29;photoauge
2021;w;29;remmas90
2021;w;29;renealbarus
2021;w;29;schneehaesli
2021;w;29;sgberlin
2021;w;29;sonjahwolf
2021;w;29;wombat
2021;w;29;ylz
2021;w;29;fotoLise
2021;w;29;frankfiene
2021;w;29;peter
2021;w;29;tschloss
2021;w;29;Alopecosa
2021;w;29;Babblfisch
2021;w;29;rosina
2021;w;29;andreas_huppert
2021;w;29;creazyfoto
2021;w;29;kamerakata
2021;w;30;Alopecosa
2021;w;30;AndreasBong
2021;w;30;Babblfisch
2021;w;30;Canius
2021;w;30;Canonshooting
2021;w;30;Cedeku
2021;w;30;Dabu
2021;w;30;Doctor_U
2021;w;30;FranzS
2021;w;30;JoergSack
2021;w;30;KatrinH
2021;w;30;Katzenfreund
2021;w;30;Lumivers
2021;w;30;MSPhoto
2021;w;30;Mapache
2021;w;30;Marius
2021;w;30;Markus
2021;w;30;Massfol
2021;w;30;Neckepin
2021;w;30;Ries
2021;w;30;SAW
2021;w;30;Thorsten
2021;w;30;Tristate
2021;w;30;alexander
2021;w;30;andreas_huppert
2021;w;30;creazyfoto
2021;w;30;danny
2021;w;30;dotmatchbox
2021;w;30;drummerlass
2021;w;30;fotoLise
2021;w;30;frankfiene
2021;w;30;mb-arts
2021;w;30;niela86
2021;w;30;peter
2021;w;30;photoauge
2021;w;30;remmas90
2021;w;30;renealbarus
2021;w;30;rosina
2021;w;30;schneehaesli
2021;w;30;sgberlin
2021;w;30;sonjahwolf
2021;w;30;wombat
2021;w;30;ylz
2021;w;30;tschloss
2021;w;30;Stef
2021;w;30;kamerakata
2021;w;31;Alopecosa
2021;w;31;AndreasBong
2021;w;31;Babblfisch
2021;w;31;BilderBuchi
2021;w;31;Canius
2021;w;31;Canonshooting
2021;w;31;Cedeku
2021;w;31;Dabu
2021;w;31;Doctor_U
2021;w;31;FranzS
2021;w;31;JoergSack
2021;w;31;KatrinH
2021;w;31;Katzenfreund
2021;w;31;Lumivers
2021;w;31;MSPhoto
2021;w;31;Mapache
2021;w;31;Marius
2021;w;31;Neckepin
2021;w;31;Renate
2021;w;31;Ries
2021;w;31;Stef
2021;w;31;Thorsten
2021;w;31;Tristate
2021;w;31;andreas_huppert
2021;w;31;danny
2021;w;31;dotmatchbox
2021;w;31;fotoLise
2021;w;31;mb-arts
2021;w;31;niela86
2021;w;31;peter
2021;w;31;photoauge
2021;w;31;remmas90
2021;w;31;renealbarus
2021;w;31;rosina
2021;w;31;schneehaesli
2021;w;31;sgberlin
2021;w;31;sonjahwolf
2021;w;31;tschloss
2021;w;31;wombat
2021;w;31;ylz
2021;w;31;drummerlass
2021;w;31;frankfiene
2021;w;31;kamerakata
2021;w;32;Alopecosa
2021;w;32;Babblfisch
2021;w;32;BilderBuchi
2021;w;32;Canius
2021;w;32;Canonshooting
2021;w;32;Cedeku
2021;w;32;Dabu
2021;w;32;Doctor_U
2021;w;32;FranzS
2021;w;32;JoergSack
2021;w;32;KatrinH
2021;w;32;Katzenfreund
2021;w;32;Lumivers
2021;w;32;MSPhoto
2021;w;32;Maede
2021;w;32;Marius
2021;w;32;Neckepin
2021;w;32;Neufi
2021;w;32;Renate
2021;w;32;Ries
2021;w;32;Stef
2021;w;32;Thorsten
2021;w;32;Tristate
2021;w;32;creazyfoto
2021;w;32;danny
2021;w;32;dotmatchbox
2021;w;32;kamerakata
2021;w;32;remmas90
2021;w;32;renealbarus
2021;w;32;sgberlin
2021;w;32;sonjahwolf
2021;w;32;niela86
2021;w;32;photoauge
2021;w;32;schneehaesli
2021;w;32;Mapache
2021;w;32;fotoLise
2021;w;32;peter
2021;w;32;andreas_huppert
2021;w;32;drummerlass
2021;w;32;mb-arts
2021;w;32;rosina
2021;w;32;tschloss
2021;w;32;wombat
2021;w;32;ylz
2021;w;32;frankfiene
2021;w;32;AndreasBong
2021;w;33;Alopecosa
2021;w;33;AndreasBong
2021;w;33;Babblfisch
2021;w;33;BilderBuchi
2021;w;33;Canius
2021;w;33;Canonshooting
2021;w;33;Cedeku
2021;w;33;Dabu
2021;w;33;Doctor_U
2021;w;33;JoergSack
2021;w;33;KatrinH
2021;w;33;Katzenfreund
2021;w;33;Lumivers
2021;w;33;MSPhoto
2021;w;33;Marius
2021;w;33;Massfol
2021;w;33;Neckepin
2021;w;33;Neufi
2021;w;33;Renate
2021;w;33;Ries
2021;w;33;Stef
2021;w;33;Thorsten
2021;w;33;Tristate
2021;w;33;alexander
2021;w;33;andreas_huppert
2021;w;33;dotmatchbox
2021;w;33;fotoLise
2021;w;33;frankfiene
2021;w;33;kamerakata
2021;w;33;mb-arts
2021;w;33;niela86
2021;w;33;peter
2021;w;33;photoauge
2021;w;33;remmas90
2021;w;33;renealbarus
2021;w;33;rosina
2021;w;33;schneehaesli
2021;w;33;sgberlin
2021;w;33;sonjahwolf
2021;w;33;tschloss
2021;w;33;wombat
2021;w;33;ylz
2021;w;34;AndreasBong
2021;w;34;Babblfisch
2021;w;34;BilderBuchi
2021;w;34;Canius
2021;w;34;Canonshooting
2021;w;34;Dabu
2021;w;34;Doctor_U
2021;w;34;JoergSack
2021;w;34;Katzenfreund
2021;w;34;Lumivers
2021;w;34;MSPhoto
2021;w;34;Massfol
2021;w;34;Neufi
2021;w;34;Renate
2021;w;34;Roger
2021;w;34;Stef
2021;w;34;Tristate
2021;w;34;andreas_huppert
2021;w;34;creazyfoto
2021;w;34;dotmatchbox
2021;w;34;fotoLise
2021;w;34;kamerakata
2021;w;34;mb-arts
2021;w;34;niela86
2021;w;34;peter
2021;w;34;renealbarus
2021;w;34;sgberlin
2021;w;34;sonjahwolf
2021;w;34;KatrinH
2021;w;34;Mapache
2021;w;34;Thorsten
2021;w;34;photoauge
2021;w;34;remmas90
2021;w;34;wombat
2021;w;34;ylz
2021;w;34;Marius
2021;w;34;Alopecosa
2021;w;34;Neckepin
2021;w;34;Ries
2021;w;34;rosina
2021;w;34;schneehaesli
2021;w;34;tschloss
2021;w;34;Cedeku
2021;w;35;AndreasBong
2021;w;35;Babblfisch
2021;w;35;Canius
2021;w;35;Dabu
2021;w;35;Doctor_U
2021;w;35;FranzS
2021;w;35;JoergSack
2021;w;35;KatrinH
2021;w;35;Katzenfreund
2021;w;35;Lumivers
2021;w;35;MSPhoto
2021;w;35;Massfol
2021;w;35;Neckepin
2021;w;35;Renate
2021;w;35;Roger
2021;w;35;SAW
2021;w;35;Stef
2021;w;35;andreas_huppert
2021;w;35;creazyfoto
2021;w;35;dotmatchbox
2021;w;35;fotoLise
2021;w;35;frankfiene
2021;w;35;kamerakata
2021;w;35;peter
2021;w;35;remmas90
2021;w;35;renealbarus
2021;w;35;schneehaesli
2021;w;35;sgberlin
2021;w;35;sonjahwolf
2021;w;35;tschloss
2021;w;35;wombat
2021;w;35;ylz
2021;w;35;Alopecosa
2021;w;35;BilderBuchi
2021;w;35;Cedeku
2021;w;35;Marius
2021;w;35;Thorsten
2021;w;35;Mapache
2021;w;35;Ries
2021;w;35;Tristate
2021;w;35;mb-arts
2021;w;35;niela86
2021;w;35;photoauge
2021;w;35;rosina
2021;w;35;Canonshooting
2021;w;36;Alopecosa
2021;w;36;AndreasBong
2021;w;36;BilderBuchi
2021;w;36;Canius
2021;w;36;Cedeku
2021;w;36;Doctor_U
2021;w;36;FranzS
2021;w;36;JoergSack
2021;w;36;KatrinH
2021;w;36;Katzenfreund
2021;w;36;Lumivers
2021;w;36;MSPhoto
2021;w;36;Mapache
2021;w;36;Marius
2021;w;36;Massfol
2021;w;36;Neckepin
2021;w;36;Neufi
2021;w;36;Renate
2021;w;36;Ries
2021;w;36;Roger
2021;w;36;Stef
2021;w;36;Thorsten
2021;w;36;Tristate
2021;w;36;andreas_huppert
2021;w;36;creazyfoto
2021;w;36;danny
2021;w;36;dotmatchbox
2021;w;36;fotoLise
2021;w;36;frankfiene
2021;w;36;kamerakata
2021;w;36;mb-arts
2021;w;36;niela86
2021;w;36;peter
2021;w;36;photoauge
2021;w;36;remmas90
2021;w;36;renealbarus
2021;w;36;schneehaesli
2021;w;36;sgberlin
2021;w;36;sonjahwolf
2021;w;36;tom_schulz
2021;w;36;tschloss
2021;w;36;ylz
2021;w;36;Babblfisch
2021;w;36;alexander
2021;w;36;rosina
2021;w;36;wombat
2021;w;36;Dabu
2021;w;36;Canonshooting
2021;w;37;AndreasBong
2021;w;37;Babblfisch
2021;w;37;BilderBuchi
2021;w;37;Canius
2021;w;37;Cedeku
2021;w;37;Dabu
2021;w;37;Doctor_U
2021;w;37;FranzS
2021;w;37;JoergSack
2021;w;37;KatrinH
2021;w;37;Katzenfreund
2021;w;37;Lumivers
2021;w;37;MSPhoto
2021;w;37;Mapache
2021;w;37;Marius
2021;w;37;Massfol
2021;w;37;Neckepin
2021;w;37;Neufi
2021;w;37;Renate
2021;w;37;Ries
2021;w;37;Roger
2021;w;37;Stef
2021;w;37;Tristate
2021;w;37;alexander
2021;w;37;andreas_huppert
2021;w;37;creazyfoto
2021;w;37;danny
2021;w;37;dotmatchbox
2021;w;37;drummerlass
2021;w;37;fotoLise
2021;w;37;frankfiene
2021;w;37;kamerakata
2021;w;37;mb-arts
2021;w;37;peter
2021;w;37;photoauge
2021;w;37;remmas90
2021;w;37;renealbarus
2021;w;37;schneehaesli
2021;w;37;sgberlin
2021;w;37;sonjahwolf
2021;w;37;tschloss
2021;w;37;ylz
2021;w;37;Alopecosa
2021;w;37;Thorsten
2021;w;37;rosina
2021;w;37;wombat
2021;w;37;niela86
2021;w;38;Babblfisch
2021;w;38;Canius
2021;w;38;Cedeku
2021;w;38;Dabu
2021;w;38;Doctor_U
2021;w;38;FranzS
2021;w;38;JoergSack
2021;w;38;Katzenfreund
2021;w;38;Lumivers
2021;w;38;MSPhoto
2021;w;38;Marius
2021;w;38;Massfol
2021;w;38;Neckepin
2021;w;38;Renate
2021;w;38;Ries
2021;w;38;Roger
2021;w;38;Stef
2021;w;38;Thorsten
2021;w;38;Tristate
2021;w;38;dotmatchbox
2021;w;38;fotoLise
2021;w;38;kamerakata
2021;w;38;peter
2021;w;38;photoauge
2021;w;38;remmas90
2021;w;38;renealbarus
2021;w;38;rosina
2021;w;38;sgberlin
2021;w;38;sonjahwolf
2021;w;38;ylz
2021;w;38;AndreasBong
2021;w;38;andreas_huppert
2021;w;38;niela86
2021;w;38;wombat
2021;w;38;Mapache
2021;w;38;tschloss
2021;w;38;Alopecosa
2021;w;38;BilderBuchi
2021;w;38;danny
2021;w;38;drummerlass
2021;w;38;frankfiene
2021;w;38;mb-arts
2021;w;38;schneehaesli
2021;w;38;alexander
2021;w;38;KatrinH
2021;w;39;Alopecosa
2021;w;39;Babblfisch
2021;w;39;Canius
2021;w;39;Canonshooting
2021;w;39;Cedeku
2021;w;39;Dabu
2021;w;39;Doctor_U
2021;w;39;FranzS
2021;w;39;JoergSack
2021;w;39;Katzenfreund
2021;w;39;Lumivers
2021;w;39;MSPhoto
2021;w;39;Maede
2021;w;39;Mapache
2021;w;39;Marius
2021;w;39;Massfol
2021;w;39;Neckepin
2021;w;39;Renate
2021;w;39;Roger
2021;w;39;Stef
2021;w;39;Thorsten
2021;w;39;Tristate
2021;w;39;andreas_huppert
2021;w;39;creazyfoto
2021;w;39;dotmatchbox
2021;w;39;fotoLise
2021;w;39;kamerakata
2021;w;39;mb-arts
2021;w;39;peter
2021;w;39;photoauge
2021;w;39;remmas90
2021;w;39;sgberlin
2021;w;39;sonjahwolf
2021;w;39;ylz
2021;w;39;BilderBuchi
2021;w;39;KatrinH
2021;w;39;Ries
2021;w;39;alexander
2021;w;39;drummerlass
2021;w;39;niela86
2021;w;39;rosina
2021;w;39;schneehaesli
2021;w;39;tschloss
2021;w;39;wombat
2021;w;39;AndreasBong
2021;w;40;Alopecosa
2021;w;40;AndreasBong
2021;w;40;Babblfisch
2021;w;40;BilderBuchi
2021;w;40;Canius
2021;w;40;Canonshooting
2021;w;40;Cedeku
2021;w;40;Dabu
2021;w;40;Doctor_U
2021;w;40;FranzS
2021;w;40;HelmutEhlich
2021;w;40;JoergSack
2021;w;40;KatrinH
2021;w;40;Katzenfreund
2021;w;40;Lumivers
2021;w;40;MSPhoto
2021;w;40;Mapache
2021;w;40;Marius
2021;w;40;Neckepin
2021;w;40;Renate
2021;w;40;Ries
2021;w;40;Roger
2021;w;40;Stef
2021;w;40;Thorsten
2021;w;40;Tristate
2021;w;40;alexander
2021;w;40;andreas_huppert
2021;w;40;creazyfoto
2021;w;40;danny
2021;w;40;dotmatchbox
2021;w;40;drummerlass
2021;w;40;fotoLise
2021;w;40;kamerakata
2021;w;40;mb-arts
2021;w;40;niela86
2021;w;40;peter
2021;w;40;photoauge
2021;w;40;remmas90
2021;w;40;renealbarus
2021;w;40;rosina
2021;w;40;schneehaesli
2021;w;40;sgberlin
2021;w;40;sonjahwolf
2021;w;40;tschloss
2021;w;40;wombat
2021;w;40;ylz
2021;w;41;Alopecosa
2021;w;41;AndreasBong
2021;w;41;Babblfisch
2021;w;41;BilderBuchi
2021;w;41;Canius
2021;w;41;Canonshooting
2021;w;41;Cedeku
2021;w;41;Dabu
2021;w;41;Doctor_U
2021;w;41;JoergSack
2021;w;41;KatrinH
2021;w;41;Katzenfreund
2021;w;41;Lumivers
2021;w;41;MSPhoto
2021;w;41;Maede
2021;w;41;Neckepin
2021;w;41;Neufi
2021;w;41;Renate
2021;w;41;Roger
2021;w;41;Stef
2021;w;41;Tajno
2021;w;41;Thorsten
2021;w;41;Tristate
2021;w;41;alexander
2021;w;41;creazyfoto
2021;w;41;danny
2021;w;41;dotmatchbox
2021;w;41;fotoLise
2021;w;41;frankfiene
2021;w;41;kamerakata
2021;w;41;mb-arts
2021;w;41;niela86
2021;w;41;peter
2021;w;41;photoauge
2021;w;41;remmas90
2021;w;41;renealbarus
2021;w;41;rosina
2021;w;41;schneehaesli
2021;w;41;sgberlin
2021;w;41;sonjahwolf
2021;w;41;tschloss
2021;w;41;wombat
2021;w;41;ylz
2021;w;41;Marius
2021;w;41;drummerlass
2021;w;41;Ries
2021;w;41;andreas_huppert
2021;w;42;AndreasBong
2021;w;42;Babblfisch
2021;w;42;Canius
2021;w;42;Cedeku
2021;w;42;Dabu
2021;w;42;Doctor_U
2021;w;42;FranzS
2021;w;42;JoergSack
2021;w;42;KatrinH
2021;w;42;Katzenfreund
2021;w;42;Lumivers
2021;w;42;MSPhoto
2021;w;42;Maede
2021;w;42;Marius
2021;w;42;Massfol
2021;w;42;Neckepin
2021;w;42;Renate
2021;w;42;Ries
2021;w;42;Stef
2021;w;42;Tajno
2021;w;42;Thorsten
2021;w;42;andreas_huppert
2021;w;42;dotmatchbox
2021;w;42;fotoLise
2021;w;42;kamerakata
2021;w;42;mb-arts
2021;w;42;niela86
2021;w;42;photoauge
2021;w;42;remmas90
2021;w;42;renealbarus
2021;w;42;sonjahwolf
2021;w;42;wombat
2021;w;42;Alopecosa
2021;w;42;BilderBuchi
2021;w;42;Canonshooting
2021;w;42;Roger
2021;w;42;drummerlass
2021;w;42;peter
2021;w;42;rosina
2021;w;42;schneehaesli
2021;w;42;sgberlin
2021;w;42;tschloss
2021;w;42;ylz
2021;w;42;Tristate
2021;w;43;BilderBuchi
2021;w;43;Canius
2021;w;43;Canonshooting
2021;w;43;Dabu
2021;w;43;Doctor_U
2021;w;43;JoergSack
2021;w;43;KatrinH
2021;w;43;Katzenfreund
2021;w;43;Lumivers
2021;w;43;MSPhoto
2021;w;43;Mapache
2021;w;43;Massfol
2021;w;43;Ries
2021;w;43;Roger
2021;w;43;Stef
2021;w;43;Tristate
2021;w;43;alexander
2021;w;43;andreas_huppert
2021;w;43;creazyfoto
2021;w;43;dotmatchbox
2021;w;43;drummerlass
2021;w;43;fotoLise
2021;w;43;mb-arts
2021;w;43;niela86
2021;w;43;remmas90
2021;w;43;renealbarus
2021;w;43;schneehaesli
2021;w;43;sgberlin
2021;w;43;sonjahwolf
2021;w;43;wombat
2021;w;43;Alopecosa
2021;w;43;Babblfisch
2021;w;43;Neckepin
2021;w;43;Thorsten
2021;w;43;peter
2021;w;43;photoauge
2021;w;43;ylz
2021;w;43;Marius
2021;w;43;Tajno
2021;w;43;kamerakata
2021;w;43;rosina
2021;w;43;tschloss
2021;w;43;frankfiene
2021;w;43;Cedeku
2021;w;43;AndreasBong
2021;w;44;AndreasBong
2021;w;44;Babblfisch
2021;w;44;BilderBuchi
2021;w;44;Canius
2021;w;44;Cedeku
2021;w;44;Dabu
2021;w;44;Doctor_U
2021;w;44;FranzS
2021;w;44;JoergSack
2021;w;44;KatrinH
2021;w;44;Katzenfreund
2021;w;44;Lumivers
2021;w;44;MSPhoto
2021;w;44;Mapache
2021;w;44;Marius
2021;w;44;Neckepin
2021;w;44;Renate
2021;w;44;Roger
2021;w;44;Stef
2021;w;44;Tajno
2021;w;44;Thorsten
2021;w;44;Tristate
2021;w;44;alexander
2021;w;44;andreas_huppert
2021;w;44;dotmatchbox
2021;w;44;fotoLise
2021;w;44;kamerakata
2021;w;44;mb-arts
2021;w;44;peter
2021;w;44;photoauge
2021;w;44;remmas90
2021;w;44;renealbarus
2021;w;44;rosina
2021;w;44;schneehaesli
2021;w;44;sgberlin
2021;w;44;sonjahwolf
2021;w;44;tschloss
2021;w;44;ylz
2021;w;44;Canonshooting
2021;w;44;Ries
2021;w;44;drummerlass
2021;w;44;niela86
2021;w;44;Alopecosa
2021;w;44;wombat
2021;w;45;Alopecosa
2021;w;45;AndreasBong
2021;w;45;Babblfisch
2021;w;45;Canius
2021;w;45;Canonshooting
2021;w;45;Cedeku
2021;w;45;Dabu
2021;w;45;Doctor_U
2021;w;45;HDVoskamp
2021;w;45;JoergSack
2021;w;45;KatrinH
2021;w;45;Katzenfreund
2021;w;45;Lumivers
2021;w;45;MSPhoto
2021;w;45;Maede
2021;w;45;Neckepin
2021;w;45;Renate
2021;w;45;Ries
2021;w;45;Roger
2021;w;45;Stef
2021;w;45;Tajno
2021;w;45;Thorsten
2021;w;45;Tristate
2021;w;45;andreas_huppert
2021;w;45;creazyfoto
2021;w;45;dotmatchbox
2021;w;45;drummerlass
2021;w;45;fotoLise
2021;w;45;kamerakata
2021;w;45;mb-arts
2021;w;45;peter
2021;w;45;photoauge
2021;w;45;remmas90
2021;w;45;renealbarus
2021;w;45;schneehaesli
2021;w;45;sgberlin
2021;w;45;sonjahwolf
2021;w;45;tschloss
2021;w;45;ylz
2021;w;45;niela86
2021;w;45;rosina
2021;w;45;wombat
2021;w;45;Marius
2021;w;46;Alopecosa
2021;w;46;AndreasBong
2021;w;46;Babblfisch
2021;w;46;Canius
2021;w;46;Canonshooting
2021;w;46;Cedeku
2021;w;46;Dabu
2021;w;46;Doctor_U
2021;w;46;FranzS
2021;w;46;HDVoskamp
2021;w;46;JoergSack
2021;w;46;Lumivers
2021;w;46;MSPhoto
2021;w;46;Mapache
2021;w;46;Ries
2021;w;46;Roger
2021;w;46;Stef
2021;w;46;Tristate
2021;w;46;andreas_huppert
2021;w;46;creazyfoto
2021;w;46;dotmatchbox
2021;w;46;drummerlass
2021;w;46;fotoLise
2021;w;46;frankfiene
2021;w;46;kamerakata
2021;w;46;mb-arts
2021;w;46;niela86
2021;w;46;peter
2021;w;46;photoauge
2021;w;46;remmas90
2021;w;46;renealbarus
2021;w;46;schneehaesli
2021;w;46;sgberlin
2021;w;46;sonjahwolf
2021;w;46;tschloss
2021;w;46;ylz
2021;w;46;Neckepin
2021;w;46;Thorsten
2021;w;46;Katzenfreund
2021;w;46;KatrinH
2021;w;46;Marius
2021;w;46;Tajno
2021;w;46;wombat
2021;w;47;Babblfisch
2021;w;47;Canius
2021;w;47;Canonshooting
2021;w;47;Cedeku
2021;w;47;Dabu
2021;w;47;Doctor_U
2021;w;47;FranzS
2021;w;47;HDVoskamp
2021;w;47;JoergSack
2021;w;47;Katzenfreund
2021;w;47;Lumivers
2021;w;47;MSPhoto
2021;w;47;Neufi
2021;w;47;Renate
2021;w;47;Ries
2021;w;47;Roger
2021;w;47;Stef
2021;w;47;Tristate
2021;w;47;dotmatchbox
2021;w;47;fotoLise
2021;w;47;frankfiene
2021;w;47;kamerakata
2021;w;47;remmas90
2021;w;47;sonjahwolf
2021;w;47;wombat
2021;w;47;schneehaesli
2021;w;47;sgberlin
2021;w;47;Alopecosa
2021;w;47;AndreasBong
2021;w;47;Marius
2021;w;47;Neckepin
2021;w;47;andreas_huppert
2021;w;47;creazyfoto
2021;w;47;danny
2021;w;47;mb-arts
2021;w;47;niela86
2021;w;47;peter
2021;w;47;photoauge
2021;w;47;tschloss
2021;w;47;ylz
2021;w;47;Thorsten
2021;w;47;rosina
2021;w;47;Tajno
2021;w;47;KatrinH
2021;w;48;Alopecosa
2021;w;48;AndreasBong
2021;w;48;Babblfisch
2021;w;48;Canius
2021;w;48;Canonshooting
2021;w;48;Cedeku
2021;w;48;Dabu
2021;w;48;Doctor_U
2021;w;48;FranzS
2021;w;48;JoergSack
2021;w;48;KatrinH
2021;w;48;Katzenfreund
2021;w;48;Lumivers
2021;w;48;MSPhoto
2021;w;48;Maede
2021;w;48;Mapache
2021;w;48;Marius
2021;w;48;Neckepin
2021;w;48;Renate
2021;w;48;Ries
2021;w;48;Roger
2021;w;48;Stef
2021;w;48;Tajno
2021;w;48;Thorsten
2021;w;48;Tristate
2021;w;48;andreas_huppert
2021;w;48;creazyfoto
2021;w;48;dotmatchbox
2021;w;48;fotoLise
2021;w;48;kamerakata
2021;w;48;mb-arts
2021;w;48;niela86
2021;w;48;peter
2021;w;48;photoauge
2021;w;48;remmas90
2021;w;48;renealbarus
2021;w;48;rosina
2021;w;48;schneehaesli
2021;w;48;sgberlin
2021;w;48;tschloss
2021;w;48;wombat
2021;w;48;ylz
2021;w;48;sonjahwolf
2021;w;49;Alopecosa
2021;w;49;AndreasBong
2021;w;49;Babblfisch
2021;w;49;Canius
2021;w;49;Cedeku
2021;w;49;Dabu
2021;w;49;Doctor_U
2021;w;49;FranzS
2021;w;49;HDVoskamp
2021;w;49;JoergSack
2021;w;49;KatrinH
2021;w;49;Katzenfreund
2021;w;49;Lumivers
2021;w;49;MSPhoto
2021;w;49;Roger
2021;w;49;Stef
2021;w;49;Tristate
2021;w;49;andreas_huppert
2021;w;49;dotmatchbox
2021;w;49;kamerakata
2021;w;49;niela86
2021;w;49;peter
2021;w;49;remmas90
2021;w;49;renealbarus
2021;w;49;sonjahwolf
2021;w;49;wombat
2021;w;49;ylz
2021;w;49;fotoLise
2021;w;49;mb-arts
2021;w;49;schneehaesli
2021;w;49;Neckepin
2021;w;49;Ries
2021;w;49;Thorsten
2021;w;49;creazyfoto
2021;w;49;drummerlass
2021;w;49;photoauge
2021;w;49;sgberlin
2021;w;49;Canonshooting
2021;w;49;Marius
2021;w;49;tschloss
2021;w;50;AndreasBong
2021;w;50;Babblfisch
2021;w;50;Canius
2021;w;50;Cedeku
2021;w;50;Doctor_U
2021;w;50;JoergSack
2021;w;50;Katzenfreund
2021;w;50;Lumivers
2021;w;50;MSPhoto
2021;w;50;Maede
2021;w;50;Neckepin
2021;w;50;Ries
2021;w;50;Roger
2021;w;50;Tristate
2021;w;50;andreas_huppert
2021;w;50;dotmatchbox
2021;w;50;kamerakata
2021;w;50;niela86
2021;w;50;remmas90
2021;w;50;renealbarus
2021;w;50;sgberlin
2021;w;50;sonjahwolf
2021;w;50;wombat
2021;w;50;Alopecosa
2021;w;50;Canonshooting
2021;w;50;Dabu
2021;w;50;KatrinH
2021;w;50;Marius
2021;w;50;Thorsten
2021;w;50;alexander
2021;w;50;creazyfoto
2021;w;50;drummerlass
2021;w;50;fotoLise
2021;w;50;mb-arts
2021;w;50;peter
2021;w;50;photoauge
2021;w;50;schneehaesli
2021;w;50;ylz
2021;w;50;rosina
2021;w;50;tschloss
2021;w;50;Stef
